-76.929579473743573,38.888962286299915,1,Capitol View Neighborhood Library,5001 CENTRAL AVENUE SE,406109.69,135681.52,15509,38,INDOOR+OUTDOOR,2
-77.100529634250321,38.926809293507787,2,Key Elementary School,5001 DANA PLACE NW,391283.15,139885.29,294605,232,INDOOR,1
-76.930133457142219,38.900237857181644,3,MPD Merritt,5002 HAYES STREET NE,406060.67,136933.16,294606,275,OUTDOOR,1
-77.019593472619945,38.903990978207091,4,MPD Facility,501 NEW YORK AVENUE NW,398300.68,137347.65,238919,271,OUTDOOR,1
-77.006948584431456,38.906964269930292,5,Internal Affairs Division,51 N STREET NE,399397.51,137677.55,13663,219,INDOOR,1
-77.020908962548546,38.943878604382263,6,Center City PCS - Petworth Campus,510 WEBSTER STREET NW,398187.59,141775.54,303332,48,OUTDOOR,1
-76.926940424455594,38.879806791989829,7,Benning Park Community Center,5100 SOUTHERN AVENUE SE,406339.46,134665.37,296175,21,INDOOR,1
-77.02703457129914,38.952151993827655,8,Engine 24 Station,5101 GEORGIA AVENUE NW,397656.83,142694.1,251752,148,INDOOR+OUTDOOR,2
-77.104576451198483,38.924562849843298,9,Palisades Community Center,5200 SHERIER PLACE NW,390931.96,139636.31,268352,300,INDOOR,1
-77.07112557093987,38.957888776939207,10,Regency House Apartments,5201 CONNECTICUT AVENUE NW,393835.5,143332.99,264202,322,OUTDOOR,1
-76.925341788205571,38.894138480421056,11,DCHA - Richardson Dwellings,5231 CLOUD PLACE NE,406476.87,136256.41,148821,92,OUTDOOR,1
-76.933703178825397,38.897009267546522,12,Aiton Elementary School,533 48TH PLACE NE,405751.28,136574.53,294490,2,INDOOR,1
-76.999586604746767,38.955135595484613,13,Lamond-Riggs Neighborhood Library,5401 SOUTH DAKOTA AVENUE NE,400036.03,143024.96,288645,243,INDOOR+OUTDOOR,2
-77.006992152444852,38.87626345969587,14,Headquarter,55 M STREET SE,399393.47,134269.52,306664,200,INDOOR,1
-77.020851459412668,38.873882508712491,15,"Fire Boats 1, 2, and 3",550 WATER STREET SW,398190.8,134005.4,294491,174,INDOOR,1
-76.919929266276696,38.896001430487594,16,Drew Elementary School,5600 EADS STREET NE,406946.23,136463.61,277686,120,INDOOR+OUTDOOR,2
-77.075459027084378,38.965576951202834,17,Chevy Chase Neighborhood Library,5625 CONNECTICUT AVENUE NW,393460.61,144186.75,263960,56,INDOOR+OUTDOOR,2
-77.068039430942108,38.966635018803998,18,Lafayette Elementary School,5701 BROAD BRANCH ROAD NW,394103.71,144303.7,294611,241,INDOOR,1
-77.028341095876016,38.959988875747214,19,Engine 22 Station,5760 GEORGIA AVENUE NW,397543.85,143564.1,294612,146,INDOOR+OUTDOOR,2
-77.024725367898739,38.961372914285519,20,Paul PCS,5800 8TH STREET NW,397857.27,143717.65,294613,305,OUTDOOR,1
-77.067074318821497,38.967746833885158,21,Lafayette Recreation Center,5900 33RD STREET NW,394187.44,144427.06,308530,242,INDOOR,1
-77.027413273761624,38.963133248628118,22,Fourth District (4D),6001 GEORGIA AVENUE NW,397624.37,143913.13,243485,180,INDOOR,1
-77.028330834239412,38.963199420722049,23,Center City PCS - Brightwood Campus,6008 GEORGIA AVENUE NW,397544.85,143920.5,253198,45,OUTDOOR,1
-76.982906596905096,38.897383469566471,24,Miner Elementary School,601 15TH STREET NE,401483,136614.12,289548,266,INDOOR,1
-76.997181025752241,38.837745313083396,25,Hart Middle School,601 MISSISSIPPI AVENUE SE,400244.94,129993.71,5534,196,INDOOR,1
-76.997994186567425,38.900023252001155,26,DOES,609 H STREET NE,400174.19,136907.02,288773,105,INDOOR,1
-76.996890111156418,38.842263314708994,27,Congress Heights Recreation Center,611 ALABAMA AVENUE SE,400270.18,130495.24,307835,68,INDOOR,1
-77.022135735696693,38.932346767349394,28,Park Morton Apartments,617 MORTON STREET NW,398080.93,140495.43,285318,302,OUTDOOR,1
-77.013967802452214,38.965508401339136,29,National Childrens Center,6200 2ND STREET NW,398789.69,144176.53,245006,283,OUTDOOR,1
-77.01924089573717,38.96586473944469,30,Whittier Education Campus,6201 5TH STREET NW,398332.71,144216.17,294614,398,INDOOR,1
-76.912313015453776,38.891777790641335,31,Watts Branch Recreation Center,6201 BANKS PLACE NE,407607.38,135995.36,288795,394,INDOOR,1
-76.997390342115878,38.89995189386984,32,DOES,625 H STREET NE,400226.57,136899.1,288803,106,INDOOR,1
-77.019580645490677,38.967292039776865,33,Coolidge High School,6315 5TH STREET NW,398303.3,144374.62,294615,71,INDOOR,1
-77.006965864442563,38.909181673565236,34,DOES II,64 NEW YORK AVENUE NE,399396.03,137923.7,289616,109,INDOOR,1
-76.993019105580359,38.898553076310471,35,Sherwood Recreation Center,640 10TH STREET NE,400605.76,136743.84,301075,340,INDOOR,1
-76.952113179785854,38.901286426907788,36,Thomas Elementary School,650 ANACOSTIA AVENUE NE,404154.01,137048.33,294493,361,INDOOR,1
-77.033177152712497,38.897911051141875,37,DC Net Central Office,655 15TH STREET NW,397122.2,136673.07,279876,82,INDOOR,1
-76.99649477618172,38.898751596381906,38,Ludlow-Taylor Elementary School,659 G STREET NE,400304.26,136765.86,294494,249,INDOOR,1
-76.996591304365921,38.902765453788696,39,J.O. Wilson Elementary School,660 K STREET NE,400295.87,137211.43,288841,220,INDOOR,1
-76.99571533476572,38.937718904577068,40,DCHA - Warehouse,675 TAYLOR STREET NE,400371.67,141091.56,288846,95,OUTDOOR,1
-77.021352606605319,38.935010668741278,41,Parkview Community Center,693 OTIS PLACE NW,398148.9,140791.13,295160,304,INDOOR,1
-76.996011338053833,38.924746500317987,42,D.C. Preparatory PCS - Edgewood Middle,701 EDGEWOOD STREET NE,400346.07,139651.51,289579,74,OUTDOOR,1
-77.0227972230375,38.975050343016541,43,Takoma Education Campus,7010 PINEY BRANCH ROAD NW,398024.76,145235.93,250934,354,INDOOR,1
-76.971899905845831,38.901999477082846,44,"Phelps Architecture, Construction, and Engineering High School",704 26TH STREET NE,402437.64,137126.77,294495,310,INDOOR,1
-76.995855716972883,38.923652254220116,45,William E. Doar Jr. PCS for the Performing Arts,705 EDGEWOOD STREET NE,400359.57,139530.04,289576,399,OUTDOOR,1
-76.995737360687954,38.924284453921793,46,D.C. Preparatory Academy PCS - Edgewood Elementary Campus,707 EDGEWOOD STREET NE,400369.83,139600.22,289577,73,OUTDOOR,1
-76.990642651776156,38.880702180774811,47,Cesar Chavez,709 12TH STREET SE,400812.11,134762.27,76726,51,OUTDOOR,1
-77.011434035260919,38.908925484644641,48,Others,71 O STREET NW,399008.49,137895.3,236922,297,OUTDOOR,1
-77.022667815581471,38.907451971177217,49,Center City PCS - Shaw Campus,711 N STREET NW,398034.11,137731.91,290191,49,OUTDOOR,1
-77.031560811126766,38.898906743019424,50,DHS / Inspector General / Contract Appeals Board,717 14TH STREET NW,397262.45,136783.55,279904,103,INDOOR,1
-76.995049171031056,38.838853011830999,51,Public Wi-Fi,720 MISSISSIPPI AVENUE SE,400430.02,130116.68,77659,316,INDOOR,1
-77.027037745680673,38.980288354068108,52,Juanita E. Thornton - Shepherd Park Library,7420 GEORGIA AVENUE NW,397657.48,145817.5,253522,228,INDOOR+OUTDOOR,2
-77.0239792607167,38.92384021287527,53,Benjamin Banneker High School,800 EUCLID STREET NW,397920.84,139551.17,294496,20,INDOOR,1
-77.025073870550145,38.953976155311054,54,Truesdell Education Campus,800 INGRAHAM STREET NW,397826.84,142896.55,294497,368,INDOOR,1
-76.978226310802214,38.900817129071406,55,Community of Hope,801 17TH STREET NE,401888.91,136995.37,288960,65,OUTDOOR,1
-77.022912949810475,38.879878381785296,56,Jefferson Middle School,801 7TH STREET SW,398012.08,134671.03,276812,224,INDOOR,1
-76.924461439851186,38.900573222055257,57,Burrville Elementary School,801 DIVISION AVENUE NE,406552.65,136970.78,289787,33,INDOOR,1
-77.008608027566623,38.900510394250986,58,CCDC - North Capitol St NE,801 NORTH CAPITOL STREET NE,399253.51,136961.13,79625,44,INDOOR,1
-77.024005801321096,38.94101715675945,59,Petworth Recreation Center,801 TAYLOR STREET NW,397919.04,141457.96,296169,309,INDOOR,1
-77.007027971930128,38.900612925064003,60,Financial Operations and Systems / OSSE,810 1ST STREET NE,399390.57,136972.5,79999,173,INDOOR,1
-76.992483999665126,38.829393180448008,61,Apartments,820 CHESAPEAKE STREET SE,400652.81,129066.59,278623,7,OUTDOOR,1
-77.008448306733214,38.901026134471344,62,DOH / OMCH / OEH,825 NORTH CAPITOL STREET NE,399267.37,137018.38,289003,110,INDOOR,1
-76.991334732110374,38.829446611092322,63,Chesapeake House,840 CHESAPEAKE STREET SE,400752.6,129072.53,81323,54,OUTDOOR,1
-76.97066933279865,38.902606337901908,64,Browne Education Campus,850 26TH STREET NE,402544.36,137194.17,294501,29,INDOOR,1
-77.01242853400872,38.879542423823999,65,UHC - Southwest,850 DELAWARE AVENUE SW,398921.79,134633.56,276851,379,OUTDOOR,1
-77.015834068539846,38.878705402196999,66,Southwest Neighborhood Library,900 WESLEY PLACE SW,398626.28,134540.69,295165,347,INDOOR+OUTDOOR,2
-77.024768545489493,38.898699116427295,67,Martin Luther King Jr. Memorial Library,901 G STREET NW,397851.64,136760.32,239815,258,INDOOR,1
-77.026260691037137,38.952143522291472,68,FEMS - Office,915 GALLATIN STREET NW,397723.91,142693.14,298231,168,OUTDOOR,1
-76.993185317155067,38.897572435677702,69,Prospect Learning Center,920 F STREET NE,400591.35,136634.98,289072,315,INDOOR,1
-77.012869745439659,38.962172321319741,70,Capital City PCS / Capital City PCS - Middle,100 PEABODY STREET NW,398884.8,143806.18,277545,36,OUTDOOR,2
-76.988503051063404,38.90412519953248,71,Joseph H. Cole Recreation Center /  Wheatley Education Campus,1299 NEAL STREET NE,400997.43,137362.43,294512,227,INDOOR,2
-76.940487210402338,38.908236523752528,72,Kenilworth Elementary School / Kenilworth-Parkside Recreation Center,1300 44TH STREET NE,405161.97,137820.44,294516,230,INDOOR,2
-76.93215784256401,38.908452418628208,73,Deanwood Recreation Center / Deanwood Neighborhood Library,1350 49TH STREET NE,405884.39,137844.91,307551,101,INDOOR,2
-76.981138290285529,38.908081431035889,74,KIPP DC: Connect Academy PCS / KIPP DC - Spring Academy PCS,1375 MOUNT OLIVET ROAD NE,401636.15,137801.71,286108,236,OUTDOOR,2
-76.993998873392542,38.909443780090037,75,Hamilton Center / C.H.O.I.C.E. Academy Middle / High School,1401 BRENTWOOD PARKWAY NE,400520.69,137952.79,294521,192,INDOOR,2
-77.017171522310974,38.815042284516153,76,Shepherd Parkway Bus Facility,2 DC VILLAGE LANE SW,398508.9,127473.66,299538,339,OUTDOOR,1
-76.976479898891313,38.918956263228971,77,Adams Pl Bus Lot (OCD) / DCPS Warehouse,2000 ADAMS PLACE NE,402039.88,139009,286574,1,INDOOR+OUTDOOR,3
-77.021622977206206,38.920616143072678,78,Howard University ILAB / Howard University ISAS,2301 GEORGIA AVENUE NW,398125.08,139193.22,229522,214,OUTDOOR,2
-76.970989639443857,38.899101985911557,79,Spingarn High School / Spingarn STAY High School,2500 BENNING ROAD NE,402516.7,136805.15,294545,348,INDOOR,2
-76.957635968704835,38.927313738129669,80,Thurgood Marshall Recreation Center / Marshall Elementary School,3100 FORT LINCOLN DRIVE NE,403673.61,139937.34,294553,364,INDOOR,2
-76.994102835308922,38.841526676396469,81,Somerset Preparatory Academy PCS / M.C. Terrell / McGogney Elementary School,3301 WHEELER ROAD SE,400512.16,130413.48,294563,344,INDOOR,2
-77.000977543496603,38.83939010653733,82,Ballou High School / Ballou STAY High School,3401 4TH STREET SE,399915.33,130176.29,294567,13,INDOOR+OUTDOOR,3
-76.995165715758318,38.832351341953277,83,Ferebee-Hope Elementary School / Ferebee-Hope Recreation Center,3999 8TH STREET SE,400419.94,129394.95,294588,171,INDOOR,2
-77.079076105794798,38.923052102589779,84,Stoddert Elementary School / Stoddert Recreation Center,4001 CALVERT STREET NW,393143.05,139466.38,224730,351,INDOOR,2
-77.018127587236819,38.879522850651632,85,Amidon Elementary School / AppleTree Early Learning PCS,401 I STREET SW,398427.29,134631.47,294482,3,INDOOR,2
-76.989999048725267,38.883474459102203,86,Watkins Elementary School / Watkins Recreation Center,420 12TH STREET SE,400867.92,135070.02,294486,393,INDOOR,2
-76.999860269867042,38.892903777306003,87,Peabody Elementary School / School-Within-School @ Peabody,425 C STREET NE,400012.32,136116.7,288145,307,INDOOR,2
-77.029199146841535,38.943036894652749,88,CCDC - 13th Street / Hospitality High School (Roosevelt High School),4301 13TH STREET NW,397468.88,141682.3,252605,41,INDOOR,2
-76.999884831417219,38.959979609350107,89,LaSalle-Backus Education Campus / Riggs LaSalle Recreation Center,501 RIGGS ROAD NE,400010.18,143562.69,294489,247,INDOOR,2
-76.920637522764011,38.890298891949428,90,Maya Angelou PCS / Young Adult Learning Center PCS,5600 EAST CAPITOL STREET NE,406885.34,135830.53,289793,263,OUTDOOR,2
-77.026434953982346,38.935818665270325,91,Raymond Recreation Center &  Education Campus / Fillmore Arts Center (East),915 SPRING ROAD NW,397708.28,140880.94,226682,320,INDOOR,3
-77.064326579260978,38.944441376958849,92,UDC / CCDC / UDC - Institute of Gerontology - BODYWISE Program,4200 CONNECTICUT AVENUE NW,394423.74,141839.77,297694,374,INDOOR,3
-77.01811962654844,38.909893846842301,93,KIPP DC: Grow Academy PCS /  PCS - Lead Academy /  WILL Academy,421 P STREET NW,398428.65,138002.89,294487,237,INDOOR,3
-77.003089119084578,38.823911366299264,94,CCDC - Livingston Rd SE / Ingenuity Prep PCS / NCP PC High School,4600 LIVINGSTON ROAD SE,399731.95,128458.05,294600,43,INDOOR,3
-76.934396532426916,38.882634988796802,95,KIPP DC: Promise Academy PCS / KEY Academy PCS / LEAP Academy PCS,4801 BENNING ROAD SE,405692.28,134978.83,17421,238,OUTDOOR,3
-77.075110929950156,38.965166218868454,96,Chevy Chase Community Center / Transition Academy @ Shadd / DC Scholars PCS,5601 CONNECTICUT AVENUE NW,393490.74,144141.13,263959,55,INDOOR,3
-76.944823748365508,38.891029256528704,97,D.C. Preparatory Academy PCS - Benning Elementary Campus,100 41ST STREET NE,404787,135910.06,294468,72,OUTDOOR,1
-76.942887582864429,38.89249128608558,98,Sixth District (6D),100 42ND STREET NE,404954.87,136072.46,294469,342,OUTDOOR,1
-77.007227253746208,38.952520902644189,99,Mamie D. Lee School,100 GALLATIN STREET NE,399373.74,142734.73,294470,254,INDOOR,1
-77.010164011936808,38.818897655965777,100,Bald Eagle Recreation Center,100 JOLIET STREET SW,399117.53,127901.54,301277,12,INDOOR,1
-76.948246584361144,38.888848273358157,101,Benning Stoddert Community Center,100 STODDERT PLACE SE,404490.19,135667.78,295821,22,INDOOR,1
-76.988588119087183,38.912147050914335,102,Youth Services Center,1000 MOUNT OLIVET ROAD NE,400989.94,138252.92,290013,405,INDOOR+OUTDOOR,2
-76.992043942505148,38.881091807426309,103,Tyler Elementary School,1001 G STREET SE,400690.52,134805.51,294505,372,INDOOR,1
-76.992086087192462,38.931319757315293,104,Behavioral Health Services,1001 LAWRENCE STREET NE,400686.38,140381.22,289589,19,OUTDOOR,1
-76.992318609193646,38.932283841906624,105,Luke C. Moore High School,1001 MONROE STREET NE,400666.21,140488.24,294504,250,INDOOR,1
-77.005149704935235,38.830902767241561,106,Engine 33 Station,101 ATLANTIC STREET SE,399553.06,129234.15,294471,157,INDOOR+OUTDOOR,2
-77.012693764207285,38.907634008020032,107,Dunbar High School,101 N STREET NW,398899.21,137751.95,309947,121,INDOOR,1
-77.005888911030297,38.915176242899868,108,Langley Education Campus,101 T STREET NE,399489.48,138589.14,285757,246,INDOOR,1
-77.030017913126173,38.903318452998462,109,Engine 16 Station,1018 13TH STREET NW,397396.45,137273.24,240645,139,INDOOR,1
-77.034998462565227,38.904067823358943,110,OCTO OAG,1100 15TH STREET NW,396964.47,137356.58,278811,291,INDOOR,1
-77.017161805343676,38.877621504691085,111,Waterfront East Tower,1100 4TH STREET SW,398511.05,134420.39,307170,392,INDOOR,1
-76.929949908610396,38.905422778177638,112,Houston Elementary School,1100 50TH PLACE NE,406076.15,137508.74,156316,211,INDOOR,1
-76.992602307530277,38.938071784232463,113,Turkey Thicket Recreation Center,1100 MICHIGAN AVENUE NE,400641.56,141130.75,74603,370,INDOOR,1
-77.051100207063797,38.90402693754266,114,West End Neighborhood Library,1101 24TH STREET NW,395567.82,137352.7,218248,396,INDOOR+OUTDOOR,2
-77.011232070623436,38.876936416420371,115,Engine 7 Station,1101 HALF STREET SW,399025.57,134344.26,277735,161,INDOOR+OUTDOOR,2
-77.013917980472968,38.904199434835839,116,Walker-Jones Education Campus,1125 NEW JERSEY AVENUE NW,398792.97,137370.7,307735,389,INDOOR,1
-77.028603161719374,38.936227852270207,117,DMH Facility,1125 SPRING ROAD NW,397520.31,140926.42,283920,104,INDOOR,1
-77.008246568099835,38.905080449315825,118,DCHA - Central Headquarters,1133 NORTH CAPITOL STREET NE,399284.91,137468.44,149791,85,OUTDOOR,1
-77.02741069165684,38.905421733665499,119,Office of Aging,1134 11TH STREET NW,397622.67,137506.65,239118,294,INDOOR,1
-77.009489517617922,38.905127558713772,120,DCHA - Sibley,1140 NORTH CAPITOL STREET NW,399177.1,137473.68,285576,93,OUTDOOR,1
-77.009367186108307,38.831333289666368,121,William O. Lockridge / Bellevue Neighborhood Library,115 ATLANTIC STREET SW,399186.87,129281.97,302935,400,INDOOR+OUTDOOR,2
-77.028301803438879,38.905206311651646,122,Horizon House Apartments,1150 12TH STREET NW,397545.37,137482.76,278887,209,OUTDOOR,1
-76.999246278351137,38.876803900310527,123,Van Ness Elementary School,1150 5TH STREET SE,400065.6,134329.49,294508,387,INDOOR,1
-76.939077608639195,38.905673551996422,124,DCHA - Fleet Management,1155 KENILWORTH AVENUE NE,405284.42,137536.01,309171,86,OUTDOOR,1
-77.00635797511066,38.906094997825349,125,DCPS HQ / DDOE,1200 1ST STREET NE,399448.73,137581.05,302635,98,INDOOR,1
-77.013260307224272,38.875939784839723,126,Greenleaf Senior Center,1200 DELAWARE AVENUE SW,398849.56,134233.65,72281,189,OUTDOOR,1
-77.028432325197457,38.90350379119716,127,Thomson Elementary School,1200 L STREET NW,397533.99,137293.77,240922,362,INDOOR,1
-77.028614849454527,38.91390874725564,128,Garrison Elementary School,1200 S STREET NW,397518.52,138448.81,294509,186,INDOOR,1
-76.989936470662499,38.92021530886813,129,UHC - Brentwood Square,1201 BRENTWOOD ROAD NE,400872.9,139148.55,149821,376,OUTDOOR,1
-77.001614645475769,38.906346853053797,130,MPD Narcotics & Special Invest (NSID),1215 3RD STREET NE,399860.15,137608.99,71435,276,OUTDOOR,1
-76.991204463640585,38.905306609295955,131,Center City PCS - Trinidad Campus,1217 WEST VIRGINIA AVENUE NE,400763.1,137493.55,285938,50,OUTDOOR,1
-77.028819836855618,38.905860551676959,132,Claridge Towers,1221 M STREET NW,397500.46,137555.4,278959,59,OUTDOOR,1
-76.989228234984878,38.881095004913504,133,Potomac Gardens Housing,1225 G STREET SE,400934.83,134805.89,290351,313,OUTDOOR,1
-77.05276632150067,38.906006052865102,134,Office Building,1227 25TH STREET NW,395423.43,137572.48,273948,292,INDOOR,1
-76.989930493219205,38.932334017035046,135,Engine 17 Station,1227 MONROE STREET NE,400873.27,140493.83,294510,140,INDOOR,1
-76.937511861154178,38.891172140230687,136,UHC - East of River,123 45TH STREET NE,405421.33,135926.33,301415,377,OUTDOOR,1
-76.996651847003065,38.860616734011614,137,Barry Farm Recreation Center,1230 SUMNER ROAD SE,400290.79,132532.6,285960,17,OUTDOOR,1
-76.988659780385362,38.892192646721128,138,Maury Elementary School,1250 CONSTITUTION AVENUE NE,400984,136037.82,294511,262,INDOOR,1
-77.029037776133478,38.916716000655455,139,DPR Headquarters,1250 U STREET NW,397481.94,138760.45,297746,113,INDOOR,1
-77.010863422255014,38.874793263214109,140,James Creek,1265 HALF STREET SW,399057.53,134106.35,156174,222,OUTDOOR,1
-77.030542900919087,38.944707948889295,141,Community Academy PCS - Amos I,1300 ALLISON STREET NW,397352.45,141867.84,255251,63,OUTDOOR,1
-77.024785466099885,38.907915020607859,142,DC Public Records,1300 NAYLOR COURT NW,397850.45,137783.36,303382,83,INDOOR,1
-77.016079856765828,38.907698361031471,143,Engine 6 Station,1300 NEW JERSEY AVENUE NW,398605.52,137759.14,294514,160,INDOOR+OUTDOOR,2
-77.030691143018444,38.960543191189331,144,Brightwood Education Campus,1300 NICHOLSON STREET NW,397340.19,143625.7,294515,27,INDOOR,1
-76.982744399039774,38.90644819538894,145,Trinidad Recreation Center,1310 CHILDRESS STREET NE,401496.88,137620.38,68509,367,INDOOR,1
-76.987433374556232,38.840146054331463,146,Community of Hope,1320 MISSISSIPPI AVENUE SE,401091.19,130260.28,290141,66,OUTDOOR,1
-77.031093104136175,38.970276948866029,147,Fort Stevens Recreation Center,1327 VAN BUREN STREET NW,397305.72,144706.25,290152,178,INDOOR,1
-77.032255352322977,38.951374877375471,148,West Education Campus,1338 FARRAGUT STREET NW,397204.26,142607.98,294517,395,INDOOR,1
-77.031042235466188,38.930590282814372,149,FEMS - Special Operation,1338 PARK ROAD NW,397308.63,140300.67,307124,169,INDOOR,1
-76.986770465328533,38.924794374576535,150,Engine 26 Station,1340 RHODE ISLAND AVENUE NE,401147.38,139656.9,294518,150,INDOOR+OUTDOOR,2
-76.986696489040284,38.901595101186594,151,FEMS  - Engine Company 10,1342 FLORIDA AVENUE NE,401154.17,137081.59,294519,165,INDOOR,1
-76.986270886196536,38.921820129357499,152,CFSA at Saratoga,1345 SARATOGA AVENUE NE,401190.75,139326.74,149277,53,INDOOR,1
-77.031355167628604,38.895010139724469,153,Wilson Building,1350 PENNSYLVANIA AVENUE NW,397280.14,136350.99,293203,401,INDOOR,1
-77.031229717321239,38.94154180435055,154,Powell Elementary School,1350 UPSHUR STREET NW,397292.79,141516.39,255302,314,INDOOR,1
-76.986148810542829,38.84498659880785,155,Malcolm X Elementary School,1351 ALABAMA AVENUE SE,401202.63,130797.63,289201,253,INDOOR,1
-77.031598252731413,38.960527545428647,156,Community Academy PCS Online Campus,1351 NICHOLSON STREET NW,397261.57,143623.99,257768,64,OUTDOOR,1
-76.985831714163837,38.915075720316892,157,Homeless Shelter,1355 NEW YORK AVENUE NE,401228.95,138578.06,66060,204,OUTDOOR,1
-76.983705956727562,38.851344350560858,158,Johnson Middle School,1400 BRUCE PLACE SE,401414.57,131503.42,294520,226,INDOOR,1
-77.03003732572472,38.886724312106487,159,US Department of Agriculture,1400 INDEPENDENCE AVENUE SW,397394.16,135431.16,291739,386,INDOOR+OUTDOOR,2
-76.984997917195969,38.942019931312892,160,Brookland Education Campus @ Bunker Hill,1401 MICHIGAN AVENUE NE,401300.77,141569.11,286131,28,INDOOR,1
-76.986866909749239,38.929613383816886,161,Mary McLeod Bethune Day Academy PCS,1404 JACKSON STREET NE,401138.94,140191.85,294522,259,OUTDOOR,1
-77.033154805846493,38.925726293820205,162,Community of Hope,1413 GIRARD STREET NW,397125.26,139760.79,234321,67,OUTDOOR,1
-77.033099181621438,38.907507945683328,163,James Apartments,1425 N STREET NW,397129.35,137738.4,240239,221,OUTDOOR,1
-76.985109968389054,38.877723251535521,164,Hopkins Apartments,1430 L STREET SE,401292.22,134431.65,63579,208,OUTDOOR,1
-77.035092356901686,38.92760107947047,165,Apartments,1475 COLUMBIA ROAD NW,396957.33,139968.97,234372,8,OUTDOOR,1
-77.035097540850799,38.925246483920432,166,Columbia Heights Community Center,1480 GIRARD STREET NW,396956.78,139707.59,284045,62,INDOOR,1
-76.98356673316863,38.863107084506076,167,UHC - Anacostia,1500 GALEN STREET SE,401426.42,132809.17,277592,375,OUTDOOR,1
-77.024884758470847,38.910626151177418,168,Seaton Elementary School,1503 10TH STREET NW,397841.92,138084.32,279203,333,INDOOR,1
-76.983306833467083,38.889533272672431,169,Center City PCS - Capitol Hill Campus,1503 EAST CAPITOL STREET SE,401448.44,135742.68,295125,46,OUTDOOR,1
-77.004124724810339,38.915227575952777,170,McKinley Technology High School / CCDC,151 T STREET NE,399642.48,138594.83,296345,264,INDOOR,1
-76.982945853834337,38.885547642819461,171,Engine 8 Station,1520 C STREET SE,401479.84,135300.25,289723,162,INDOOR,1
-76.981253592330461,38.846194308105964,172,Parklands-Turner Neighborhood Library,1547 ALABAMA AVENUE SE,401627.56,130931.77,304504,303,INDOOR+OUTDOOR,2
-76.949712650096345,38.886034695262502,173,DCHA - Stoddert / Ft Dupont,155 RIDGE ROAD SE,404363.17,135355.38,286318,94,OUTDOOR,1
-77.066804852018905,38.910109468909624,174,Volta Park Recreation Center,1555 34TH STREET NW,394206.11,138028.79,279236,388,INDOOR,1
-76.982945956678179,38.856663450724248,175,Moten Elementary School,1565 MORRIS ROAD SE,401480.43,132093.89,294524,267,INDOOR,1
-76.983079530504611,38.870091507625659,176,Anacostia High School,1601 16TH STREET SE,401468.56,133584.5,155922,4,INDOOR,1
-77.037527824659335,38.91730425869698,177,Engine 9 Station,1617 U STREET NW,396745.68,138826.02,241846,163,INDOOR+OUTDOOR,2
-77.037973109635686,38.917875062934179,178,Third District (3D),1620 V STREET NW,396707.09,138889.4,241847,360,OUTDOOR,1
-77.037623039459959,38.910032426794764,179,Stead Recreation Center,1625 P STREET NW,396737.09,138018.79,295822,350,INDOOR,1
-76.981056828015213,38.866208121718181,180,Bread for the City SE,1640 GOOD HOPE ROAD SE,401644.18,133153.45,286380,24,OUTDOOR,1
-76.98070964609343,38.865788633140163,181,UPO,1649 GOOD HOPE ROAD SE,401674.32,133106.89,286385,382,OUTDOOR,1
-76.96435855383109,38.870099185756025,182,Randle Highlands Elementary School,1650 30TH STREET SE,403093.17,133585.82,156337,319,INDOOR,1
-77.012930007247832,38.813546882082321,183,MPD Evidence Warehouse,17 DC VILLAGE LANE SW,398877.24,127307.6,307895,270,INDOOR+OUTDOOR,2
-76.979686569941848,38.890410115128155,184,Eastern High School,1700 EAST CAPITOL STREET NE,401762.5,135840.08,289529,127,INDOOR,1
-76.980173580270915,38.871293852901388,185,Kramer Middle School,1700 Q STREET SE,401720.71,133718.02,289467,239,INDOOR,1
-77.031702087418921,38.912784790664112,186,Whitman Walker Elizabeth Taylor Clinic,1701 14TH STREET NW,397250.73,138324.13,238070,397,OUTDOOR,1
-77.022598137217145,38.912781321047291,187,Metro Station Shaw - Howard University,1701 8TH STREET NW,398040.3,138323.51,294837,265,INDOOR+OUTDOOR,2
-76.979136311398634,38.897819402449734,188,Rosedale Recreation Center and Library,1701 GALES STREET NE,401810.05,136662.58,307101,328,INDOOR,1
-77.006778226884578,38.913510553189006,189,Emery Education Campus,1720 1ST STREET NE,399412.34,138404.24,294527,132,INDOOR,1
-77.008692809883001,38.868759074975678,190,MPD Air Support Branch,1724 SOUTH CAPITOL STREET SE,399245.82,133436.49,277757,268,OUTDOOR,1
-76.981152150386393,38.913224296370181,191,DPW,1725 15TH STREET NE,401634.83,138372.61,301201,115,INDOOR,1
-77.039664441341188,38.912398603594021,192,Ross Elementary School,1730 R STREET NW,396560.15,138281.53,241714,329,INDOOR,1
-77.007870437695601,38.913993511783154,193,Harry Thomas Sr. Recreation Center,1743 LINCOLN ROAD NE,399317.62,138457.86,296786,195,INDOOR,1
-77.040555742301137,38.934325816193429,194,Bancroft Elementary School / Briya PCS - Newton Rd,1755 NEWTON STREET NW,396483.93,140715.67,294528,14,INDOOR,1
-77.042217753559143,38.92477893887574,195,Engine 21 Station,1763 LANIER PLACE NW,396339.34,139655.95,236004,145,INDOOR,1
-76.979269681000417,38.92363301318165,196,Interim Woodridge Library,1790 DOUGLAS STREET NE,401797.83,139528.1,311199,218,INDOOR,1
-76.983103828079621,38.872596028055533,197,Anacostia Recreation Center,1800 ANACOSTIA DRIVE SE,401466.4,133862.52,295129,6,INDOOR,1
-77.042867176269695,38.922167189716177,198,MPD Latino Liaison Unit,1800 COLUMBIA ROAD NW,396282.89,139366.05,235413,273,OUTDOOR,1
-76.978627807395,38.865915649665844,199,Anacostia Neighborhood Library,1800 GOOD HOPE ROAD SE,401854.99,133121.03,53560,5,INDOOR+OUTDOOR,2
-76.988084325064932,38.867527251164681,200,DHCD,1800 MARTIN LUTHER KING JR AVENUE SE,401034.28,133299.78,56153,102,INDOOR,1
-76.978627934199409,38.927448190698442,201,Woodridge Neighborhood Library,1801 HAMLIN STREET NE,401853.38,139951.63,286483,404,INDOOR,1
-76.973642333366683,38.915085047337726,202,Fifth District (5D),1805 BLADENSBURG ROAD NE,402286.08,138579.33,286486,172,INDOOR,1
-76.978912436253765,38.857662997606688,203,Fort Stanton Recreation Center,1812 ERIE STREET SE,401830.5,132204.92,296165,177,INDOOR,1
-77.068616202126663,38.915516487177051,204,Hardy Middle School / Fillmore Arts Center (West),1819 35TH STREET NW,394049.46,138629.13,274432,193,INDOOR,1
-76.978458649271786,38.933510121729377,205,Burroughs Education Campus,1820 MONROE STREET NE,401867.9,140624.56,294530,32,INDOOR,1
-77.022709467575766,38.915152744378219,206,Cleveland Elementary School,1825 8TH STREET NW,398030.71,138586.76,294531,60,INDOOR,1
-76.984348212606946,38.911262571424452,207,DPW Facility,1827 WEST VIRGINIA AVENUE NE,401357.68,138154.79,286497,119,INDOOR+OUTDOOR,2
-76.978980195729832,38.892438946299286,208,Eliot-Hine Middle School,1830 CONSTITUTION AVENUE NE,401823.73,136065.31,286499,130,INDOOR,1
-76.983455964470465,38.91100480992138,209,DPW,1833 WEST VIRGINIA AVENUE NE,401435.07,138126.19,301125,116,INDOOR+OUTDOOR,2
-77.022193703625987,38.914788005875216,210,Howard Theater,1840 7TH STREET NW,398075.43,138546.26,279436,212,OUTDOOR,1
-77.043237781867546,38.92840072027419,211,Harvard Towers,1845 HARVARD STREET NW,396251.08,140058.04,236261,197,OUTDOOR,1
-76.977763822539259,38.852644007912083,212,Douglass Community Center,1898 STANTON TERRACE SE,401930.33,131647.8,286513,112,INDOOR,1
-76.97708413269909,38.924711621752145,213,Langdon Education Campus,1900 EVARTS STREET NE,401987.32,139647.88,294532,244,INDOOR,1
-76.975576443652699,38.885227257488907,214,DC General Hospital,1900 MASSACHUSETTS AVENUE SE,402119.23,135264.83,301068,77,INDOOR,1
-76.983623438695361,38.866050141935062,215,Ketcham Elementary School,1919 15TH STREET SE,401421.44,133135.87,286537,231,INDOOR,1
-77.02536872701728,38.916299769033927,216,FEMS - Fire and EMS Headquarters,1923 VERMONT AVENUE NW,397800.12,138714.15,239514,166,INDOOR,1
-77.002811132182103,38.879636108167006,217,DC Government Office Building,200 I STREET SE,399756.28,134643.89,308596,80,INDOOR,1
-77.032405824536426,38.917451816556763,218,Reeves Center,2000 14TH STREET NW,397189.88,138842.23,239976,321,INDOOR,1
-77.025751080507106,38.917552564337917,219,Shaw Middle School @ Garnet-Patterson,2001 10TH STREET NW,397767,138853.23,294533,338,INDOOR,1
-76.975514693425168,38.888504223525125,220,DC Armory,2001 EAST CAPITOL STREET SE,402124.49,135628.6,294395,76,INDOOR,1
-77.01279479135377,38.875023592503524,221,King-Greenleaf Recreation Center,201 N STREET SW,398889.94,134131.94,52917,235,INDOOR,1
-77.044379548925434,38.917316991230479,222,Oyster-Adams Bilingual School (Adams),2020 19TH STREET NW,396151.48,138827.7,294534,298,INDOOR,1
-77.013915638420286,38.875060668995147,223,Greenleaf Gardens,203 N STREET SW,398792.68,134136.07,277800,188,OUTDOOR,1
-77.020096032396239,38.917556196145938,224,Howard University Hospital,2041 GEORGIA AVENUE NW,398257.42,138853.51,279523,213,OUTDOOR,1
-76.989240045016047,38.865445699309639,225,Office Building,2100 MARTIN LUTHER KING JR AVENUE SE,400934.01,133068.7,51883,293,INDOOR,1
-76.986075125140687,38.864873240395525,226,Engine 15 Station,2101 14TH STREET SE,401208.69,133005.19,156246,138,INDOOR+OUTDOOR,2
-76.990179371562533,38.865423351120988,227,DCLB,2101 MARTIN LUTHER KING JR AVENUE SE,400852.49,133066.21,278064,97,INDOOR,1
-76.999189680436189,38.918639011494918,228,Transportation Lot C,2115 5TH STREET NE,400070.47,138973.52,286636,366,OUTDOOR,1
-77.047627085490788,38.898590328760015,229,Engine 23 Station,2119 G STREET NW,395868.76,136749.03,242505,147,INDOOR,1
-77.017405674025113,38.919228754176046,230,DCHA - Kelly Miller / Ledroit,2125 4TH STREET NW,398490.77,139039.13,284228,87,OUTDOOR,1
-77.048188764065969,38.898131572671346,231,School Without Walls High School,2130 G STREET NW,395820.01,136698.13,242528,332,INDOOR,1
-77.021619095103318,38.918841773389509,232,Howard University Student Health Center,2139 GEORGIA AVENUE NW,398125.37,138996.25,291573,216,OUTDOOR,1
-77.002568752930756,38.898537762094243,233,Capitol Hill Montessori @ Logan,215 G STREET NE,399777.37,136742.12,286687,37,INDOOR,1
-76.978158559401464,38.916140764656596,234,Fleet Management,2175 WEST VIRGINIA AVENUE NE,401894.38,138696.42,50951,175,OUTDOOR,1
-76.930798766459944,38.885961872248842,235,Nalle Elementary School,219 50TH STREET SE,406004.16,135348.37,294474,281,INDOOR,1
-77.004446910307621,38.841594123678135,236,Center City PCS - Congress Heights Campus,220 HIGHVIEW PLACE SE,399614.14,130420.96,303702,47,OUTDOOR,1
-77.04053225052327,38.919175096292889,237,Marie Reed Recreation Center / Marie Reed Elementary School,2200 CHAMPLAIN STREET NW,396485.22,139033.81,235577,257,INDOOR,2
-76.974486291198474,38.871804606512086,238,Orr Elementary School,2200 MINNESOTA AVENUE SE,402214.23,133774.84,294539,296,INDOOR,1
-76.958491782245716,38.92002009675133,239,Goodwill of Greater Washington,2200 SOUTH DAKOTA AVENUE NE,403599.77,139127.65,286707,187,OUTDOOR,1
-77.027334727259159,38.919893109223658,240,Childrens Health Center - Shaw,2220 11TH STREET NW,397629.74,139113.09,238963,58,OUTDOOR,1
-76.999186783048884,38.919921347061852,241,Engine 12 Station,2225 5TH STREET NE,400070.72,139115.87,294541,135,INDOOR+OUTDOOR,2
-77.049800437104068,38.90550207629056,242,Engine 1 Station,2225 M STREET NW,395680.65,137516.39,294540,133,INDOOR+OUTDOOR,2
-77.026310926581033,38.920091887786612,243,Howard University Police Department,2244 10TH STREET NW,397718.53,139135.13,301070,215,OUTDOOR,1
-76.99647071598433,38.886420575498661,244,Eastern Market,225 7TH STREET SE,400306.4,135397.02,300829,128,INDOOR,1
-77.040476534370569,38.919343030869832,245,Marie Reed Health Center,2250 CHAMPLAIN STREET NW,396490.06,139052.45,303241,256,OUTDOOR,1
-76.991768283113302,38.864913057131211,246,Warehouse,2250 RAILROAD AVENUE SE,400714.6,133009.55,300056,390,OUTDOOR,1
-77.025827460499329,38.921496123502713,247,Garfield Terrace,2301 11TH STREET NW,397760.5,139291,284334,185,OUTDOOR,1
-76.982919606660062,38.921047494004576,248,Brentwood Recreation Center,2311 14TH STREET NE,401481.38,139241.02,286825,26,INDOOR,1
-76.973052029395674,38.857538646956286,249,DCHA - Woodlawn,2311 AINGER PLACE SE,402339.16,132191.25,286828,96,OUTDOOR,1
-76.994816410717206,38.92103844767702,250,Rhode Island Row,2350 WASHINGTON PLACE NE,400449.71,139239.89,306519,324,INDOOR,1
-77.039842122397204,38.921481105222917,251,Marys Center,2355 ONTARIO ROAD NW,396545.18,139289.77,285647,260,OUTDOOR,1
-76.971897679967384,38.889798093462261,252,RFK Trailer DDOT,2400 EAST CAPITOL STREET SE,402438.25,135772.32,293222,323,INDOOR,1
-76.993606540641025,38.862859433361592,253,Savoy Elementary School,2400 SHANNON PLACE SE,400555.08,132781.57,278153,331,INDOOR,1
-76.971171522711629,38.91372393474667,254,Arboretum Community Center,2412 RAND PLACE NE,402500.41,138428.3,296167,11,INDOOR,1
-76.971368189006341,38.852647749489073,255,Engine 32 Station,2425 IRVING STREET SE,402485.48,131648.37,47304,156,INDOOR+OUTDOOR,2
-77.05232329698579,38.907476955475495,256,Francis-Stevens Education Campus,2425 N STREET NW,395461.95,137735.74,294544,182,INDOOR,1
-76.993688053394777,38.86228452050856,257,Thurgood Marshall Academy PCS,2427 MARTIN LUTHER KING JR AVENUE SE,400548.01,132717.75,278159,363,OUTDOOR,1
-76.970807048352981,38.851740821488981,258,Garfield Elementary School,2435 ALABAMA AVENUE SE,402534.22,131547.71,278160,184,INDOOR,1
-76.96952367403307,38.853363543137796,259,Seventh District (7D),2455 ALABAMA AVENUE SE,402645.56,131727.88,278162,335,OUTDOOR,1
-77.032364419713915,38.922006529000683,260,Loughran Recreation Center,2500 14TH STREET NW,397193.65,139347.84,234200,248,INDOOR,1
-77.022585370405409,38.922711747819591,261,Banneker Community Center,2500 GEORGIA AVENUE NW,398041.68,139425.87,232292,15,INDOOR,1
-77.026594815454644,38.922833687523934,262,Cardozo High School @ Meyer,2501 11TH STREET NW,397694,139439.5,242979,39,INDOOR,1
-76.969328362300104,38.860688154386715,263,Childrens Health Center - Good Hope Rd,2501 GOOD HOPE ROAD SE,402662.24,132540.97,46727,57,OUTDOOR,1
-76.995356847939334,38.859769537679448,264,Excel Academy PCS,2501 MARTIN LUTHER KING JR AVENUE SE,400403.19,132438.56,278172,164,OUTDOOR,1
-77.038812881249882,38.923950543074234,265,H.D. Cooke Elementary School,2525 17TH STREET NW,396634.55,139563.86,235863,191,INDOOR,1
-76.969611722346329,38.865200094976309,266,Apartments,2528 NAYLOR ROAD SE,402637.48,133041.82,287097,9,OUTDOOR,1
-77.025027486363697,38.923404350629731,267,Engine 4 Station,2531 SHERMAN AVENUE NW,397829.93,139502.81,232303,158,INDOOR+OUTDOOR,2
-76.994984428333552,38.858675178956688,268,Matthews Baptist Church,2616 MARTIN LUTHER KING JR AVENUE SE,400435.52,132317.08,278192,261,OUTDOOR,1
-76.99473085268373,38.850692076766521,269,Saint Elizabeths Complex,2700 MARTIN LUTHER KING JR AVENUE SE,400457.58,131430.9,301562,330,OUTDOOR,1
-76.968492498030699,38.859279554952096,270,Stanton Elementary School,2701 NAYLOR ROAD SE,402734.84,132384.63,294547,349,INDOOR,1
-76.995047102418866,38.853735049618848,271,UCC (St. Elizabeths Campus),2720 MARTIN LUTHER KING JR AVENUE SE,400430.11,131768.69,301360,373,INDOOR,1
-76.991845166813548,38.925185439498108,272,Noyes Education Campus,2725 10TH STREET NE,400707.33,139700.26,289594,290,INDOOR,1
-76.966380973684736,38.917654612872525,273,DPW,2800 NEW YORK AVENUE NE,402915.72,138864.78,300368,117,INDOOR,1
-77.057205675593821,38.923603282863454,274,Oyster-Adams Bilingual School (Oyster),2801 CALVERT STREET NW,395039.6,139526.15,275944,299,INDOOR,1
-76.966989564181787,38.871603822519617,275,Engine 19 Station,2813 PENNSYLVANIA AVENUE SE,402864.79,133752.76,44167,142,INDOOR+OUTDOOR,2
-77.035226918260051,38.925916934159041,276,La Clinica Del Pueblo,2831 15TH STREET NW,396945.59,139782.02,243232,240,OUTDOOR,1
-76.960938380289292,38.928068073756037,277,Fort Lincoln Apartments,2855 BLADENSBURG ROAD NE,403387.22,140020.95,289764,176,OUTDOOR,1
-77.004803397523801,38.856720629493999,278,DPW - Solid Waste Division,2860 SOUTH CAPITOL STREET SE,399583.28,132100.11,302938,118,INDOOR,1
-76.97579077027649,38.926830207509276,279,Langdon Park Community Center,2901 20TH STREET NE,402099.41,139883.09,287283,245,INDOOR,1
-76.997089346893958,38.846090918500607,280,UPO,2907 MARTIN LUTHER KING JR AVENUE SE,400252.87,130920.13,278297,383,OUTDOOR,1
-76.99461854324133,38.926958256746104,281,Hope Community PCS - Tolson,2917 8TH STREET NE,400466.83,139897.04,43392,207,OUTDOOR,1
-77.016544618151812,38.894321243666944,282,MPD Headquarters,300 INDIANA AVENUE NW,398564.94,136274.18,279642,272,INDOOR,1
-77.018053969556902,38.968894491797109,283,Takoma Community Center,300 VAN BUREN STREET NW,398435.64,144552.48,296168,353,INDOOR,1
-76.964118387773269,38.860510735129161,284,East River Washington Senior Wellness Center,3001 ALABAMA AVENUE SE,403114.43,132521.44,289473,126,OUTDOOR,1
-76.926117759020357,38.883606284602386,285,C.W. Harris Elementary School,301 53RD STREET SE,406410.5,135087.2,289801,34,INDOOR,1
-77.002540598008991,38.923662479372219,286,Shaed Education Campus,301 DOUGLAS STREET NE,399779.89,139531.17,294477,336,INDOOR,1
-77.001462132923393,38.884808659486083,287,Brent Elementary School,301 NORTH CAROLINA AVENUE SE,399873.34,135218.08,294479,25,INDOOR,1
-77.016424445360698,38.915093351015273,288,UPO,301 RHODE ISLAND AVENUE NW,398575.78,138580.05,229965,384,OUTDOOR,1
-76.932457410532848,38.893322869213691,289,Kelly Miller Middle School,301 49TH STREET NE,405859.65,136165.39,294476,229,INDOOR,1
-76.930218909057672,38.893963400061438,290,DCHA - Regional Warehouse,302 50TH STREET NE,406053.79,136236.64,148740,91,OUTDOOR,1
-77.033032545196946,38.928177491335866,291,UHC - Upper Cardozo,3020 14TH STREET NW,397135.96,140032.89,242939,380,OUTDOOR,1
-76.963205499290737,38.880879360281519,292,Therapeutic Recreation Center,3030 G STREET SE,403192.75,134782.54,288770,359,INDOOR,1
-76.984197191473669,38.885140099354153,293,Payne Elementary School,305 15TH STREET SE,401371.28,135254.99,294478,306,INDOOR,1
-76.962633757551416,38.858613906121583,294,Hillcrest Recreation Center,3100 DENVER STREET SE,403243.37,132310.93,296174,203,INDOOR,1
-76.962828316212395,38.857583854682453,295,Winston Education Campus,3100 ERIE STREET SE,403226.53,132196.58,294554,403,INDOOR,1
-77.029445592325004,38.929206028480316,296,Tubman Elementary School,3101 13TH STREET NW,397447.02,140146.96,294555,369,INDOOR,1
-77.036108294415527,38.930156788785936,297,DPR Headquarters,3149 16TH STREET NW,396869.35,140252.71,234376,114,INDOOR,1
-77.037146898072137,38.930475177313745,298,Mt. Pleasant Library,3160 16TH STREET NW,396779.31,140288.09,295138,279,INDOOR,1
-76.961886494189571,38.918343451808553,299,MPD Automated Traffic Enforcement,3165 V STREET NE,403305.46,138941.4,149333,269,OUTDOOR,1
-76.961726756157773,38.919046679959251,300,Public Wi-Fi,3180 V STREET NE,403319.28,139019.47,305084,317,INDOOR+OUTDOOR,2
-76.99824127024489,38.842450628512154,301,King Elementary School,3200 6TH STREET SE,400152.88,130516.03,294557,234,INDOOR,1
-76.958350496113127,38.924211349797687,302,Theodore Hagans Cultural Center,3201 FORT LINCOLN DRIVE NE,403611.81,139592.92,295140,358,INDOOR,1
-77.000782347935797,38.84316410818267,303,Engine 25 Station,3203 MARTIN LUTHER KING JR AVENUE SE,399932.28,130595.23,278344,149,INDOOR+OUTDOOR,2
-76.959820778239532,38.869875475231055,304,DC Government Penn Branch Service Center,3214 PENNSYLVANIA AVENUE SE,403486.97,133561.15,302147,81,INDOOR,1
-77.06454012273305,38.908027020954179,305,Hyde-Addison Elementary School,3219 O STREET NW,394402.37,137797.48,294558,217,INDOOR,1
-77.017124816738942,38.956389103153825,306,Hattie Holmes Senior Wellness Center,324 KENNEDY STREET NW,398515.9,143164.25,307575,198,OUTDOOR,1
-76.98031550483384,38.847643882321769,307,Turner Elementary School,3264 STANTON ROAD SE,401708.96,131092.7,294561,371,INDOOR,1
-77.066861308665523,38.91572487645692,308,Jelleff Recreation Center,3265 S STREET NW,394201.67,138652.15,273636,225,INDOOR,1
-76.957637363965631,38.9220530595721,309,Townhouse Complex,3294 ROBERT CLIFTON WEAVER WAY NE,403673.76,139353.36,304417,365,INDOOR,1
-76.996361272568578,38.894414334422898,310,Northeast Neighborhood Library,330 7TH STREET NE,400315.86,136284.39,37106,289,INDOOR,1
-77.065823444488785,38.932734530239237,311,Eaton Elementary School,3301 LOWELL STREET NW,394293.04,140540.3,294562,129,INDOOR,1
-77.057844882445025,38.933823261486765,312,Cleveland Park Neighborhood Library,3310 CONNECTICUT AVENUE NW,394984.89,140660.69,221190,61,INDOOR+OUTDOOR,2
-77.074840360858985,38.934853623293691,313,Second District (2D),3320 IDAHO AVENUE NW,393511.43,140776.14,222229,334,INDOOR+OUTDOOR,2
-76.957574976610587,38.883090541948107,314,Kimball Elementary School,3375 MINNESOTA AVENUE SE,403681.18,135028.21,294565,233,INDOOR,1
-76.988092450688796,38.88443880819608,315,DCHA - Kentucky Courts,340 13TH STREET SE,401033.33,135177.09,150698,89,OUTDOOR,1
-77.003086865015646,38.841020689648069,316,National Childrens Center - Southeast Campus,3400 MARTIN LUTHER KING JR AVENUE SE,399732.21,130357.3,35265,284,OUTDOOR,1
-77.066994550484623,38.933711536431993,317,Macomb Recreation Center,3409 MACOMB STREET NW,394191.58,140648.83,221115,252,INDOOR,1
-77.068438182004328,38.911445722363922,318,Engine 5 Station,3412 DENT PLACE NW,394064.56,138177.23,294568,159,INDOOR,1
-77.033064882202169,38.93225428336158,319,Engine 11 Station,3420 14TH STREET NW,397133.32,140485.45,234580,134,INDOOR+OUTDOOR,2
-77.003735308180453,38.839911820393326,320,Congress Heights Senior Wellness Center,3500 MARTIN LUTHER KING JR AVENUE SE,399675.91,130234.21,303598,69,OUTDOOR,1
-77.070309874312485,38.913453831784338,321,Ellington School of the Arts,3500 R STREET NW,393902.4,138400.27,294569,131,INDOOR,1
-77.023639670634168,38.933666549951297,322,Ms. Bernice Elizabeth Fontenau Senior Wellness Center,3531 GEORGIA AVENUE NW,397950.57,140641.97,228763,278,INDOOR,1
-77.02118795873146,38.93442155569933,323,Bruce-Monroe Elementary School @ Park View,3560 WARDER STREET NW,398163.16,140725.73,294583,30,INDOOR,1
-76.955607017560084,38.864357287429293,324,Beers Elementary School,3600 ALABAMA AVENUE SE,403852.94,132948.76,278406,18,INDOOR,1
-77.071200522332973,38.922158045453649,325,Guy Mason Recreation Center,3600 CALVERT STREET NW,393825.91,139366.57,295826,190,INDOOR,1
-77.024245642660176,38.934329076662891,326,E.L. Haynes PCS - Georgia Avenue (Grades 3-8),3600 GEORGIA AVENUE NW,397898.05,140715.53,306085,122,OUTDOOR,1
-76.953161113172527,38.883901862321139,327,Sousa Middle School,3650 ELY PLACE SE,404064.1,135118.46,294584,345,INDOOR,1
-76.954203480108959,38.864879053411599,328,Francis A. Gregory Neighborhood Library,3660 ALABAMA AVENUE SE,403974.72,133006.74,290019,181,INDOOR,1
-77.027779914521489,38.93606923450627,329,DC Government Facility,3700 10TH STREET NW,397591.68,140908.79,284779,79,INDOOR,1
-76.949067376966511,38.901445487586514,330,Cesar Chavez PCS for Public Policy - Parkside Campus,3701 HAYES STREET NE,404418.2,137066.13,304053,52,OUTDOOR,1
-77.006190805141927,38.837079367810155,331,DOES,3720 MARTIN LUTHER KING JR AVENUE SE,399462.71,129919.8,278424,107,INDOOR,1
-77.074191572746201,38.941494414948046,332,Washington Home and Community Hospice,3720 UPTON STREET NW,393568.28,141513.28,222233,391,OUTDOOR,1
-77.075201378054615,38.952904202814935,333,Deal Middle School,3815 FORT DRIVE NW,393481.78,142779.94,277548,100,INDOOR,1
-76.947773320419955,38.894188678043136,334,Dorothy I. Height / Benning Neighborhood Library,3935 BENNING ROAD NE,404530.91,136260.63,295144,111,INDOOR+OUTDOOR,2
-76.949152859061073,38.89457331349648,335,Planned Parenthood,3937 MINNESOTA AVENUE NE,404411.21,136303.26,288044,311,OUTDOOR,1
-77.07195752763505,38.9407301065553,336,Hearst Elementary School,3950 37TH STREET NW,393761.89,141428.28,294586,201,INDOOR,1
-77.077778006698566,38.950164181033337,337,Wilson High School,3950 CHESAPEAKE STREET NW,393258.18,142475.96,294587,402,INDOOR,1
-77.016720550413893,38.815257382615016,338,Public Wi-Fi,4 A DC VILLAGE LANE SW,398548.07,127497.53,299493,318,INDOOR,1
-77.007674783465774,38.906658751347372,339,UHC - Walker Jones,40 PATTERSON STREET NE,399334.52,137643.64,28515,381,OUTDOOR,1
-76.93001067971592,38.895304531931025,340,DCHA - Lincoln Heights,400 50TH STREET NE,406071.74,136385.53,28532,90,OUTDOOR,1
-76.999951604190514,38.831157910581751,341,Housing,400 ATLANTIC STREET SE,400004.4,129262.46,290742,210,OUTDOOR,1
-77.018388623165649,38.883536588000418,342,Consolidated Forensic Lab,401 E STREET SW,398404.73,135077.03,309137,70,INDOOR,1
-77.000197277003309,38.835987977174753,343,Simon Elementary School,401 MISSISSIPPI AVENUE SE,399983.07,129798.63,294481,341,INDOOR,1
-76.990533892489779,38.831759382381478,344,Early Childhood Academy PCS - Johenning,4025 9TH STREET SE,400822.11,129329.27,278471,124,OUTDOOR,1
-76.996517740394992,38.884091909699954,345,Southeast Neighborhood Library,403 7TH STREET SE,400302.33,135138.52,280068,346,INDOOR,1
-76.947857045648547,38.89697653535633,346,DOES,4058 MINNESOTA AVENUE NE,404523.47,136570.1,305174,108,INDOOR,1
-77.000006663799141,38.896305157337551,347,Stuart-Hobson Middle School,410 E STREET NE,399999.62,136494.28,294483,352,INDOOR,1
-76.999955838648745,38.876718593201844,348,Carroll Apartments,410 M STREET SE,400004.03,134320.02,155956,40,OUTDOOR,1
-77.080997137169888,38.947557880895559,349,Janney Elementary School,4130 ALBEMARLE STREET NW,392978.88,142186.88,285713,223,INDOOR,1
-76.942903818749514,38.90072277991468,350,UHC - Hunt Place,4130 HUNT PLACE NE,404952.89,136986.22,155959,378,OUTDOOR,1
-76.994639125489272,38.883267030767769,351,Engine 18 Station,414 8TH STREET SE,400465.33,135046.96,280007,141,INDOOR+OUTDOOR,2
-76.999732794394347,38.951255283355557,352,DDOT,414 FARRAGUT STREET NE,400023.36,142594.21,309422,99,INDOOR,1
-77.020159161307575,38.974444213197451,353,Takoma Park Neighborhood Library,416 CEDAR STREET NW,398253.34,145168.59,251267,355,INDOOR+OUTDOOR,2
-76.957809826972792,38.895436249280259,354,River Terrace Elementary School,420 34TH STREET NE,403660.17,136398.67,294485,325,INDOOR,1
-77.026139719672315,38.942207685179035,355,Petworth Library,4200 KANSAS AVENUE NW,397734.08,141590.17,295146,308,INDOOR+OUTDOOR,2
-76.943249950779148,38.901092111177753,356,Engine 27 Station,4201 MINNESOTA AVENUE NE,404922.84,137027.2,294591,151,INDOOR+OUTDOOR,2
-77.013299219786091,38.895511573694968,357,Homeless Shelter,425 2ND STREET NW,398846.5,136406.27,299726,205,OUTDOOR,1
-76.9991871249605,38.828993353467752,358,Hendley Elementary School,425 CHESAPEAKE STREET SE,400070.78,129022.18,24445,202,INDOOR,1
-77.017106145716568,38.908882902972366,359,Bundy School,429 O STREET NW,398516.53,137890.65,237434,31,INDOOR,1
-77.017779372031129,38.948238410748694,360,Barnard Elementary School,430 DECATUR STREET NW,398458.99,142259.46,248305,16,INDOOR,1
-77.030470626590841,38.943482120059585,361,Sharpe Health School,4300 13TH STREET NW,397358.67,141731.76,255254,337,INDOOR,1
-76.943326245365625,38.907506187101212,362,DC Government Building,4300 ANACOSTIA AVENUE NE,404915.78,137739.21,295827,78,INDOOR,1
-77.032316997449044,38.943321186548687,363,Upshur Recreation Center,4300 ARKANSAS AVENUE NW,397198.6,141713.95,295147,385,INDOOR,1
-77.007378948770693,38.827615187471388,364,Apartments,4300 SOUTH CAPITOL STREET SE,399359.47,128869.22,149629,10,INDOOR,1
-77.078425144417352,38.944981373132556,365,Engine 20 Station,4300 WISCONSIN AVENUE NW,393201.59,141900.67,222965,144,INDOOR,1
-76.989605948796424,38.831000250218473,366,Early Childhood Academy PCS - Walter Washington,4301 9TH STREET SE,400902.69,129245.01,298086,125,OUTDOOR,1
-77.010902709328931,38.895842248903641,367,Engine 3 Station,439 NEW JERSEY AVENUE NW,399054.4,136442.95,237163,153,INDOOR,1
-76.938470902763726,38.893561490094051,368,Smothers Elementary School,4400 BROOKS STREET NE,405337.95,136191.51,294596,343,INDOOR,1
-77.027778702823682,38.943616023377395,369,MacFarland Middle School,4400 IOWA AVENUE NW,397592.04,141746.55,294595,251,INDOOR,1
-77.015727352990353,38.895452267172132,370,One Judiciary Square (OJS),441 4TH STREET NW,398635.86,136399.72,285552,295,INDOOR,1
-76.937618570923604,38.879075736440505,371,Davis Elementary School,4430 H STREET SE,405412.99,134583.53,294598,75,INDOOR,1
-77.087828507007131,38.934299762597995,372,Mann Elementary School,4430 NEWARK STREET NW,392385.28,140715.66,294597,255,INDOOR,1
-76.93691062842727,38.880609395653082,373,DCHA - Benning Terrace,4450 G STREET SE,405474.3,134753.82,21041,84,OUTDOOR,1
-77.079889064489862,38.947615846003856,374,Tenley-Friendship Neighborhood Library,4450 WISCONSIN AVENUE NW,393074.94,142193.23,284921,357,INDOOR,1
-77.019394938753933,38.883614167588227,375,Engine 13 Station,450 6TH STREET SW,398317.42,135085.66,294488,136,INDOOR+OUTDOOR,2
-77.084983487932362,38.909923619321326,376,Hardy Recreation Center,4500 Q STREET NW,392629.43,138009.47,284929,194,INDOOR,1
-76.936530167543424,38.912245587376795,377,DCHA - Kenilworth / Parkside,4500 QUARLES STREET NE,405504.87,138265.71,20614,88,OUTDOOR,1
-77.088287282169475,38.942652543648435,378,Friendship Recreation Center,4500 VAN NESS STREET NW,392346.4,141642.93,295150,183,INDOOR,1
-77.022418668989516,38.945609356735694,379,E.L. Haynes PCS - Kansas Avenue (Grade 9),4501 KANSAS AVENUE NW,398056.76,141967.7,284930,123,OUTDOOR,1
-77.016082800119435,38.820542299200461,380,FEMS - Training Academy,4600 SHEPHERD PARKWAY SW,398603.56,128084.18,295479,170,INDOOR+OUTDOOR,2
-76.939936939656221,38.88724765063354,381,Plummer Elementary School,4601 TEXAS AVENUE SE,405211.23,135490.54,19536,312,INDOOR,1
-76.933814415783189,38.883968442491124,382,CCDC - Benning Rd SE,4650 BENNING ROAD SE,405742.68,135126.89,288259,42,INDOOR,1
-77.013834826340997,38.820239632221032,383,MPD Special Operations Division K-9,4667 BLUE PLAINS DRIVE SW,398798.77,128050.55,299767,277,OUTDOOR,1
-77.080638880345589,38.951373405672179,384,Homeless Shelter Friendship Place,4713 WISCONSIN AVENUE NW,393010.31,142610.41,274422,206,OUTDOOR,1
-76.938905860535954,38.881267438442926,385,Benning Terrace Housing,4739 ALABAMA AVENUE SE,405301.13,134826.75,290935,23,OUTDOOR,1
-76.932707042045848,38.90657017112477,386,Ron Brown Middle School,4800 MEADE STREET NE,405836.91,137635.93,294601,326,INDOOR,1
-77.008295934209187,38.948874101790047,387,Engine 14 Station,4801 NORTH CAPITOL STREET NE,399281.07,142329.91,288276,137,INDOOR+OUTDOOR,2
-77.070081517757018,38.95294098491906,388,Murch Elementary School,4810 36TH STREET NW,393925.57,142783.67,294602,280,INDOOR,1
-77.093525948897465,38.915572802313321,389,Engine 29 Station,4811 MACARTHUR BOULEVARD NW,391889.17,138637.3,284959,152,INDOOR,1
-77.00271194084614,38.947298726611876,390,Fort Totten Trash Transfer Station,4900 BATES ROAD NE,399765.11,142155,301206,179,OUTDOOR,1
-76.99945917881675,38.947308125487019,391,Capital Area Food Bank,4900 PUERTO RICO AVENUE NE,400047.08,142156.04,288297,35,OUTDOOR,1
-77.097176952912946,38.918389252467236,392,Palisades Neighborhood Library,4901 V STREET NW,391572.87,138950.28,224474,301,INDOOR+OUTDOOR,2
-77.069912517137496,38.954248006282583,393,Engine 31 Station,4930 CONNECTICUT AVENUE NW,393940.33,142928.75,294604,155,INDOOR+OUTDOOR,2
-76.933398624972455,38.890702873197043,394,Engine 30 Station,50 49TH STREET NE,405778.21,135874.49,156317,154,INDOOR+OUTDOOR,2
-76.977559417516176,38.896720630184042,395,Rosedale Recreation Center,500 19TH STREET NE,401946.87,136540.64,290080,327,INDOOR+OUTDOOR,2
-77.019488978027184,38.897081854103959,396,Engine 2 Station,500 F STREET NW,398309.58,136580.68,299998,143,INDOOR+OUTDOOR,2
-76.99917913773173,38.9028463055378,397,Hayes,500 K STREET NE,400071.4,137220.4,300865,199,INDOOR,1
-76.992924528660154,38.943212476360195,398,MPD Medical Services (Providence Hospital),920 VARNUM STREET NE,400613.58,141701.41,289075,274,OUTDOOR,1
-76.992924528660154,38.943212476360195,399,FEMS - Medical Services / Providence Hospital,920 VARNUM STREET NE,400613.58,141701.41,289075,167,OUTDOOR,1
-77.008443699060066,38.902030836956889,400,Tax and Revenue / DCRA,941 NORTH CAPITOL STREET NE,399267.78,137129.91,289094,356,INDOOR,1
-77.019924611247262,38.891306064293858,401,National Gallery of Art,4TH STREET NW AND MADISON DRIVE NW,398271.65,135939.53,293249,285,OUTDOOR,1
-77.029991031207203,38.891206893101504,402,National Museum of American History,CONSTITUTION AVENUE NW AND 14TH STREET NW,397398.34,135928.76,293200,286,OUTDOOR,1
-77.016631854984681,38.888282827854901,403,National Museum of the American Indian,INDEPENDENCE AVENUE SW AND 4TH STREET SW,398557.25,135603.87,294429,288,OUTDOOR,1
-77.025956666258423,38.891224074409315,404,National Museum of Natural History,CONSTITUTION AVENUE NW AND 10TH STREET NW,397748.34,135930.56,293188,287,OUTDOOR,1
-77.019849978949537,38.888212420212369,405,National Air and Space Museum,INDEPENDENCE AVENUE SW AND 6TH STREET SW,398278.05,135596.11,301565,282,OUTDOOR,1